replica,escenario,etapa,mediana,p95,red_total,demora_semaforos_total_s
0,base,OSRM,587.8,861.3199999999994,2648484.0999999996,519274.5949482913
0,base,OSRM / velocidad,551.5949533466099,987.5210318721125,2708033.56175783,519274.5949482913
0,base,BPR / velocidad,551.6969392103925,988.0577195789124,2708592.720449766,519274.5949482913
0,base,BPR / velocidad + semáforos,651.7527787172303,1195.7782849125383,3227867.315398057,519274.5949482913
0,vista_hermosa,OSRM,878.1,1193.4,3615337.0999999996,876788.002288309
0,vista_hermosa,OSRM / velocidad,791.7694016171097,1407.2177200410658,3698764.993877864,876788.002288309
0,vista_hermosa,BPR / velocidad,796.1448770601862,1411.379740137119,3717944.9759078356,876788.002288309
0,vista_hermosa,BPR / velocidad + semáforos,1018.5770640426657,1762.0519164612233,4594732.978196144,876788.002288309
0,reforma,OSRM,587.8,868.4,2669511.9000000004,501931.6594865075
0,reforma,OSRM / velocidad,556.1037641977001,994.7544997004862,2729389.027710047,501931.6594865075
0,reforma,BPR / velocidad,556.1432946493762,995.1451440748875,2730116.128093859,501931.6594865075
0,reforma,BPR / velocidad + semáforos,648.6362034244539,1228.3029300306655,3232047.787580367,501931.6594865075
1,base,OSRM,590.3,862.4,2653251.6,508592.7952383307
1,base,OSRM / velocidad,556.1087363916964,999.5586592326416,2715614.6081727156,508592.7952383307
1,base,BPR / velocidad,556.2739594694882,1000.311163759969,2716368.536064148,508592.7952383307
1,base,BPR / velocidad + semáforos,650.4724578356158,1224.9875254784822,3224961.3313024784,508592.7952383307
1,vista_hermosa,OSRM,866.7,1200.6,3603980.8,859189.3206784739
1,vista_hermosa,OSRM / velocidad,795.2387430058326,1427.1394678627057,3689912.9182257196,859189.3206784739
1,vista_hermosa,BPR / velocidad,798.5641724294431,1434.8266444797255,3705267.935051465,859189.3206784739
1,vista_hermosa,BPR / velocidad + semáforos,1016.5744137112907,1755.4489950380873,4564457.255729939,859189.3206784739
1,reforma,OSRM,590.3,873.4,2675191.7,483424.24341673567
1,reforma,OSRM / velocidad,560.3264691632946,1012.3777331132493,2738351.688457026,483424.24341673567
1,reforma,BPR / velocidad,560.4295015810908,1012.9170354050427,2739264.0734155336,483424.24341673567
1,reforma,BPR / velocidad + semáforos,647.0727600311546,1247.3883399045237,3222688.316832269,483424.24341673567
2,base,OSRM,590.3499999999999,859.925,2659622.8,516314.5644462178
2,base,OSRM / velocidad,547.8410800246131,990.680985690662,2723553.4785402343,516314.5644462178
2,base,BPR / velocidad,547.9037054737498,991.2882244466202,2724168.3899819907,516314.5644462178
2,base,BPR / velocidad + semáforos,654.8845257426401,1221.9619303053514,3240482.9544282085,516314.5644462178
2,vista_hermosa,OSRM,868.4000000000001,1199.3,3618335.4,866067.7597954439
2,vista_hermosa,OSRM / velocidad,790.0859698385043,1417.1999875807428,3701150.7448574314,866067.7597954439
2,vista_hermosa,BPR / velocidad,794.7830492148623,1425.2635227584506,3719548.9164184597,866067.7597954439
2,vista_hermosa,BPR / velocidad + semáforos,1009.6089063357786,1757.205642738886,4585616.676213903,866067.7597954439
2,reforma,OSRM,590.3499999999999,868.4,2680316.0,493826.1353683779
2,reforma,OSRM / velocidad,551.507266766965,1001.6593043806827,2744892.157152429,493826.1353683779
2,reforma,BPR / velocidad,551.7194837387781,1001.9070659080703,2745681.773794301,493826.1353683779
2,reforma,BPR / velocidad + semáforos,650.133094274765,1241.390863202313,3239507.9091626788,493826.1353683779
3,base,OSRM,589.7,868.1,2698522.7,523384.7829856622
3,base,OSRM / velocidad,554.519987338764,996.6627754520665,2763039.7676013233,523384.7829856622
3,base,BPR / velocidad,554.6157414882509,996.7736096866546,2763739.713442472,523384.7829856622
3,base,BPR / velocidad + semáforos,658.5759985404367,1214.0152783065541,3287124.496428134,523384.7829856622
3,vista_hermosa,OSRM,879.0,1184.5,3665649.9,879470.2664214231
3,vista_hermosa,OSRM / velocidad,793.3690492376955,1416.4007789150098,3756601.768349914,879470.2664214231
3,vista_hermosa,BPR / velocidad,798.2349401148812,1429.6732641601714,3778736.2275015735,879470.2664214231
3,vista_hermosa,BPR / velocidad + semáforos,1018.4136326564209,1755.5703686228094,4658206.493922996,879470.2664214231
3,reforma,OSRM,589.7,879.1,2720695.2,492775.4814034257
3,reforma,OSRM / velocidad,557.249393435564,1005.9487631921627,2785861.653356346,492775.4814034257
3,reforma,BPR / velocidad,557.3508624066304,1006.6798278960835,2786766.4783970015,492775.4814034257
3,reforma,BPR / velocidad + semáforos,652.3098737537301,1232.0008109366338,3279541.959800427,492775.4814034257
4,base,OSRM,592.4,862.4,2699501.5999999996,529747.0363964078
4,base,OSRM / velocidad,557.631275225882,985.6646827468941,2762945.1594926314,529747.0363964078
4,base,BPR / velocidad,557.7806789360181,985.9287773787456,2763699.3955419944,529747.0363964078
4,base,BPR / velocidad + semáforos,660.3952781059743,1207.9955420065394,3293446.431938402,529747.0363964078
4,vista_hermosa,OSRM,879.0,1200.6,3697456.9000000004,887337.4626709959
4,vista_hermosa,OSRM / velocidad,805.0794232527066,1421.1833510252475,3781904.373529579,887337.4626709959
4,vista_hermosa,BPR / velocidad,808.5080908433492,1430.1704223021375,3798599.259267349,887337.4626709959
4,vista_hermosa,BPR / velocidad + semáforos,1019.0519436874193,1758.9028943146764,4685936.721938344,887337.4626709959
4,reforma,OSRM,592.4,868.4,2720917.8000000003,506617.09531028103
4,reforma,OSRM / velocidad,559.1796547964177,993.0886401781921,2784661.7036797544,506617.09531028103
4,reforma,BPR / velocidad,559.5394633257663,993.143495397892,2785647.9676202014,506617.09531028103
4,reforma,BPR / velocidad + semáforos,653.0205949226581,1225.8670097797394,3292265.0629304824,506617.09531028103
5,base,OSRM,597.1,862.4,2618709.9000000004,506762.11580000696
5,base,OSRM / velocidad,555.5382412272172,994.4316333009344,2681280.135519388,506762.11580000696
5,base,BPR / velocidad,555.6298310553375,994.6319242011973,2681720.291108588,506762.11580000696
5,base,BPR / velocidad + semáforos,658.3914002264121,1205.7654585820326,3188482.4069085955,506762.11580000696
5,vista_hermosa,OSRM,881.7,1199.3,3566023.1999999997,867782.9663957224
5,vista_hermosa,OSRM / velocidad,802.2496689472447,1439.3246576084598,3655679.941129327,867782.9663957224
5,vista_hermosa,BPR / velocidad,805.3343255775208,1443.9560580637494,3670687.7759303325,867782.9663957224
5,vista_hermosa,BPR / velocidad + semáforos,1028.7286732118932,1765.9534673861344,4538470.742326055,867782.9663957224
5,reforma,OSRM,597.1,868.4,2639435.1,483505.51849343884
5,reforma,OSRM / velocidad,557.7610838145797,1008.6369665968903,2702567.830772505,483505.51849343884
5,reforma,BPR / velocidad,557.8144058776279,1008.6617295596102,2703177.7217892213,483505.51849343884
5,reforma,BPR / velocidad + semáforos,654.3560141184673,1222.3170264914456,3186683.2402826604,483505.51849343884
6,base,OSRM,586.3,862.4,2652410.3,515035.4363806977
6,base,OSRM / velocidad,543.0739321772153,982.1909033902557,2697594.327779135,515035.4363806977
6,base,BPR / velocidad,543.1073451352493,982.4388071625892,2698130.4937346717,515035.4363806977
6,base,BPR / velocidad + semáforos,645.9395858617604,1202.739817784606,3213165.9301153696,515035.4363806977
6,vista_hermosa,OSRM,878.6,1202.6,3642899.4000000004,869584.2431079394
6,vista_hermosa,OSRM / velocidad,791.1434393878262,1448.4124519757609,3705429.9030360808,869584.2431079394
6,vista_hermosa,BPR / velocidad,795.3103121935123,1453.9885886243349,3721360.340271545,869584.2431079394
6,vista_hermosa,BPR / velocidad + semáforos,1015.5209063959705,1789.115344131823,4590944.583379485,869584.2431079394
6,reforma,OSRM,587.4,869.5,2673588.5,496845.9468886603
6,reforma,OSRM / velocidad,546.685921914041,991.8352536563343,2719090.57682562,496845.9468886603
6,reforma,BPR / velocidad,546.7677952337995,991.9228365480948,2719744.290771018,496845.9468886603
6,reforma,BPR / velocidad + semáforos,638.4396242821731,1231.4357572765678,3216590.237659678,496845.9468886603
7,base,OSRM,587.8,868.4,2673820.0,509134.96522485936
7,base,OSRM / velocidad,548.4717797290045,971.4657501251638,2723574.278583753,509134.96522485936
7,base,BPR / velocidad,548.5679763499073,971.554226215683,2724232.309557007,509134.96522485936
7,base,BPR / velocidad + semáforos,643.0102484304866,1190.7941027536808,3233367.274781866,509134.96522485936
7,vista_hermosa,OSRM,870.1,1199.3,3630351.0999999996,859952.3097608103
7,vista_hermosa,OSRM / velocidad,784.1969815697039,1409.462787049435,3700067.9552199254,859952.3097608103
7,vista_hermosa,BPR / velocidad,789.4890855219239,1412.8640681772029,3716187.720258777,859952.3097608103
7,vista_hermosa,BPR / velocidad + semáforos,999.3173328862777,1769.6608156933348,4576140.030019587,859952.3097608103
7,reforma,OSRM,587.8,884.2,2696190.8,493385.9583257454
7,reforma,OSRM / velocidad,552.4381814756237,984.7350000595441,2746324.3352481546,493385.9583257454
7,reforma,BPR / velocidad,552.4912036879962,984.949164420163,2747120.544868987,493385.9583257454
7,reforma,BPR / velocidad + semáforos,641.920004237234,1212.9451122653559,3240506.5031947326,493385.9583257454
8,base,OSRM,590.4,868.1,2816970.5999999996,542186.9665302505
8,base,OSRM / velocidad,555.5442508325486,997.9646360731078,2877373.6571835596,542186.9665302505
8,base,BPR / velocidad,555.6913784251758,998.6933154409757,2878314.81704655,542186.9665302505
8,base,BPR / velocidad + semáforos,653.9530854464037,1209.728401524551,3420501.7835768005,542186.9665302505
8,vista_hermosa,OSRM,871.4,1200.6,3830793.0,920604.9360123494
8,vista_hermosa,OSRM / velocidad,799.0943949062835,1425.1449907613319,3915132.9034826895,920604.9360123494
8,vista_hermosa,BPR / velocidad,805.1621347851044,1430.8615784544918,3940149.2735782736,920604.9360123494
8,vista_hermosa,BPR / velocidad + semáforos,1025.15538218171,1765.6070237717474,4860754.209590623,920604.9360123494
8,reforma,OSRM,590.4,873.4,2839307.7,518546.2626630599
8,reforma,OSRM / velocidad,557.6302600846835,1005.210715368555,2900147.7056962745,518546.2626630599
8,reforma,BPR / velocidad,557.888519533588,1005.6898797526121,2901322.2142968085,518546.2626630599
8,reforma,BPR / velocidad + semáforos,648.785897538614,1241.3918485573518,3419868.4769598683,518546.2626630599
9,base,OSRM,590.3,861.2,2725126.3,527814.7989279974
9,base,OSRM / velocidad,550.6676548127086,997.6232867365666,2777935.366562092,527814.7989279974
9,base,BPR / velocidad,550.8152475888093,997.7813110482713,2778635.4979979824,527814.7989279974
9,base,BPR / velocidad + semáforos,648.1742114796173,1216.9798102526809,3306450.2969259797,527814.7989279974
9,vista_hermosa,OSRM,865.6,1193.4,3705765.3000000003,883274.0072407259
9,vista_hermosa,OSRM / velocidad,784.6322991333072,1423.959802284495,3778325.411050168,883274.0072407259
9,vista_hermosa,BPR / velocidad,788.9567573360537,1433.9028527282005,3796557.979129901,883274.0072407259
9,vista_hermosa,BPR / velocidad + semáforos,1001.9441916329588,1742.3963747222572,4679831.986370627,883274.0072407259
9,reforma,OSRM,590.3,873.4,2747653.8,508893.8416575118
9,reforma,OSRM / velocidad,553.434625793237,1004.3097224809715,2800890.310331472,508893.8416575118
9,reforma,BPR / velocidad,553.5349809266563,1004.6230656138874,2801761.9670976363,508893.8416575118
9,reforma,BPR / velocidad + semáforos,645.4636858460192,1234.158096762226,3310655.808755148,508893.8416575118
10,base,OSRM,586.3,861.2,2680781.5,514787.85325123766
10,base,OSRM / velocidad,546.8075264175005,985.3763591850308,2746753.385628659,514787.85325123766
10,base,BPR / velocidad,546.8775299084349,985.5595636751643,2747374.340697867,514787.85325123766
10,base,BPR / velocidad + semáforos,648.9592505778157,1199.1434735343807,3262162.1939491043,514787.85325123766
10,vista_hermosa,OSRM,861.5,1193.4,3631440.8,864902.9192001042
10,vista_hermosa,OSRM / velocidad,779.7549242269239,1409.1586878331755,3723715.4278853345,864902.9192001042
10,vista_hermosa,BPR / velocidad,784.5885740165345,1416.5206014864075,3740969.6450375444,864902.9192001042
10,vista_hermosa,BPR / velocidad + semáforos,1007.3725510251332,1748.5260169784565,4605872.564237649,864902.9192001042
10,reforma,OSRM,587.4,869.5,2702396.3,492561.9490694842
10,reforma,OSRM / velocidad,549.8535177365817,998.2372016733616,2768813.9962551603,492561.9490694842
10,reforma,BPR / velocidad,550.0638026824848,998.2780556445176,2769626.298822975,492561.9490694842
10,reforma,BPR / velocidad + semáforos,644.1994405626951,1227.2824740687845,3262188.247892459,492561.9490694842
11,base,OSRM,582.2,868.1,2606899.0,503189.6449916527
11,base,OSRM / velocidad,545.2120541312811,975.7305077655252,2650454.4631022336,503189.6449916527
11,base,BPR / velocidad,545.3664952332724,976.0683264542091,2651004.4950430286,503189.6449916527
11,base,BPR / velocidad + semáforos,642.0706547847144,1197.7458152446827,3154194.1400346817,503189.6449916527
11,vista_hermosa,OSRM,861.5,1199.3,3529902.5,844860.5288055082
11,vista_hermosa,OSRM / velocidad,785.2330194060719,1397.393629927951,3588556.020450975,844860.5288055082
11,vista_hermosa,BPR / velocidad,790.1899932867656,1402.5889785828654,3604673.2449954227,844860.5288055082
11,vista_hermosa,BPR / velocidad + semáforos,997.1744427592962,1728.8437401381282,4449533.773800931,844860.5288055082
11,reforma,OSRM,587.4,879.1,2627402.9,484316.9052202821
11,reforma,OSRM / velocidad,549.0818343998064,986.3827010108231,2671023.518286991,484316.9052202821
11,reforma,BPR / velocidad,549.2520509443261,986.8578762045246,2671714.7172765196,484316.9052202821
11,reforma,BPR / velocidad + semáforos,634.8607028815362,1220.618897421273,3156031.6224968014,484316.9052202821
12,base,OSRM,590.4,861.1149999999998,2722458.9,531754.2195470465
12,base,OSRM / velocidad,552.0038685053145,979.132752182581,2757351.7860596776,531754.2195470465
12,base,BPR / velocidad,552.0434482700291,979.3585044660317,2758130.5829789178,531754.2195470465
12,base,BPR / velocidad + semáforos,652.811723746789,1193.9333266485971,3289884.8025259636,531754.2195470465
12,vista_hermosa,OSRM,866.7,1199.3,3695864.0,883920.2090464842
12,vista_hermosa,OSRM / velocidad,785.9461301573692,1402.172731456088,3743360.0509995683,883920.2090464842
12,vista_hermosa,BPR / velocidad,791.0341459786732,1409.2550775737525,3762432.318455614,883920.2090464842
12,vista_hermosa,BPR / velocidad + semáforos,1005.9652578282421,1751.9102734747846,4646352.527502099,883920.2090464842
12,reforma,OSRM,590.4,868.4,2743908.2,509806.95921266556
12,reforma,OSRM / velocidad,557.5215182859251,991.6030687289061,2779017.881884984,509806.95921266556
12,reforma,BPR / velocidad,557.6263117683237,991.9123976401052,2780034.208957568,509806.95921266556
12,reforma,BPR / velocidad + semáforos,647.7403348704037,1221.1912941272906,3289841.1681702337,509806.95921266556
13,base,OSRM,592.4,868.1,2629224.6999999997,509168.35916210595
13,base,OSRM / velocidad,549.3377438107667,1000.4007503975881,2693918.47467011,509168.35916210595
13,base,BPR / velocidad,549.3526970092112,1000.441557410876,2694491.0225219033,509168.35916210595
13,base,BPR / velocidad + semáforos,652.9614875143054,1210.664919268611,3203659.381684009,509168.35916210595
13,vista_hermosa,OSRM,865.6,1184.5,3547663.9000000004,862548.6992616215
13,vista_hermosa,OSRM / velocidad,789.3054821628951,1400.5419204268856,3632821.400455066,862548.6992616215
13,vista_hermosa,BPR / velocidad,793.5722037023421,1407.0327437812655,3650135.4422871377,862548.6992616215
13,vista_hermosa,BPR / velocidad + semáforos,1023.1456036862021,1732.9461182606578,4512684.141548759,862548.6992616215
13,reforma,OSRM,592.4,879.1,2651634.5,487560.395132734
13,reforma,OSRM / velocidad,551.9865738762248,1012.0345235289251,2716562.689896865,487560.395132734
13,reforma,BPR / velocidad,552.249617861688,1012.0886114078513,2717321.9861809714,487560.395132734
13,reforma,BPR / velocidad + semáforos,651.6343219810694,1229.8254271453472,3204882.381313705,487560.395132734
14,base,OSRM,587.8,861.2,2675153.5,521456.72405761795
14,base,OSRM / velocidad,551.1111847185815,977.4847753910087,2723635.7405411145,521456.72405761795
14,base,BPR / velocidad,551.4152175516988,977.597923297415,2724350.365734794,521456.72405761795
14,base,BPR / velocidad + semáforos,653.7971868078487,1197.4821615698443,3245807.089792412,521456.72405761795
14,vista_hermosa,OSRM,878.6,1200.6,3651549.2,876002.6915261531
14,vista_hermosa,OSRM / velocidad,791.0697294417274,1423.9750384482193,3718666.2442888147,876002.6915261531
14,vista_hermosa,BPR / velocidad,798.2113271842924,1434.9116801958723,3745082.273785511,876002.6915261531
14,vista_hermosa,BPR / velocidad + semáforos,1014.652442918965,1761.714206815273,4621084.965311663,876002.6915261531
14,reforma,OSRM,587.8,862.4,2696400.1,493470.26131439704
14,reforma,OSRM / velocidad,552.9650661097994,993.8370101440202,2745309.495264907,493470.26131439704
14,reforma,BPR / velocidad,553.4228216359347,994.4378496473595,2746211.4694877286,493470.26131439704
14,reforma,BPR / velocidad + semáforos,648.9634780189771,1213.5393986317933,3239681.7308021258,493470.26131439704
15,base,OSRM,591.4,868.1,2671646.5,521154.2291272569
15,base,OSRM / velocidad,553.6034417841574,994.8983928097452,2732614.9680024534,521154.2291272569
15,base,BPR / velocidad,553.8905615471127,995.0136592132347,2733247.1990988404,521154.2291272569
15,base,BPR / velocidad + semáforos,663.4128679135346,1217.4044546025484,3254401.4282260975,521154.2291272569
15,vista_hermosa,OSRM,879.6,1200.6,3629272.4000000004,872834.2275387822
15,vista_hermosa,OSRM / velocidad,792.5481102279875,1431.6568186221782,3711333.153124424,872834.2275387822
15,vista_hermosa,BPR / velocidad,799.5309225543303,1444.883155418043,3729408.1876210906,872834.2275387822
15,vista_hermosa,BPR / velocidad + semáforos,1017.2373702525972,1777.826963644334,4602242.415159873,872834.2275387822
15,reforma,OSRM,591.4,873.4,2693016.9000000004,494151.32538030634
15,reforma,OSRM / velocidad,559.049399985671,1002.17518740952,2754282.884044743,494151.32538030634
15,reforma,BPR / velocidad,559.0803681563677,1002.609803089418,2755146.914300269,494151.32538030634
15,reforma,BPR / velocidad + semáforos,658.3543633629479,1231.0395283180844,3249298.239680575,494151.32538030634
16,base,OSRM,593.9,859.5,2761474.5,541080.6009198752
16,base,OSRM / velocidad,558.4005568389339,1006.9076349166759,2828938.425399822,541080.6009198752
16,base,BPR / velocidad,558.5198540463814,1007.1482559645974,2829626.1935930206,541080.6009198752
16,base,BPR / velocidad + semáforos,665.2410879645593,1220.6692197961017,3370706.794512896,541080.6009198752
16,vista_hermosa,OSRM,878.8,1200.6,3758244.5,905502.5280855561
16,vista_hermosa,OSRM / velocidad,801.8937806909956,1435.1706476816476,3847439.4897911986,905502.5280855561
16,vista_hermosa,BPR / velocidad,807.9565153344736,1448.7856335909703,3872990.35125847,905502.5280855561
16,vista_hermosa,BPR / velocidad + semáforos,1030.3130638009548,1778.3073261523944,4778492.879344026,905502.5280855561
16,reforma,OSRM,593.9,866.6,2784786.4,522367.8439123904
16,reforma,OSRM / velocidad,562.0060495229316,1019.742260904347,2852725.2974603223,522367.8439123904
16,reforma,BPR / velocidad,562.1137799435294,1019.9421044523974,2853609.820541304,522367.8439123904
16,reforma,BPR / velocidad + semáforos,660.0829585737465,1251.6696554465816,3375977.6644536946,522367.8439123904
17,base,OSRM,586.3,862.4,2635448.3,503806.1219242001
17,base,OSRM / velocidad,546.1910898331519,989.2445148029949,2702681.5573398243,503806.1219242001
17,base,BPR / velocidad,546.4182524864603,989.5843288380254,2703359.400774566,503806.1219242001
17,base,BPR / velocidad + semáforos,642.8408727002229,1198.070093861399,3207165.5226987656,503806.1219242001
17,vista_hermosa,OSRM,870.1,1200.6,3603334.4,859766.2954049938
17,vista_hermosa,OSRM / velocidad,791.6195751705009,1429.8767174244856,3693929.345604062,859766.2954049938
17,vista_hermosa,BPR / velocidad,797.2515483463721,1436.0026777527864,3713473.4373066863,859766.2954049938
17,vista_hermosa,BPR / velocidad + semáforos,1016.131703814726,1765.977443525711,4573239.73271168,859766.2954049938
17,reforma,OSRM,587.4,873.4,2656740.9000000004,481219.51657249534
17,reforma,OSRM / velocidad,550.1386893229837,998.16406214393,2724524.3708945652,481219.51657249534
17,reforma,BPR / velocidad,550.1594585600282,998.3964554311044,2725376.0893886723,481219.51657249534
17,reforma,BPR / velocidad + semáforos,640.1808884837849,1227.3942814541344,3206595.6059611677,481219.51657249534
18,base,OSRM,590.4,862.4,2657584.6,507695.1558714282
18,base,OSRM / velocidad,552.7308182140856,986.2044722570621,2705591.139490376,507695.1558714282
18,base,BPR / velocidad,552.7398978161766,986.2837217978156,2706142.5960300933,507695.1558714282
18,base,BPR / velocidad + semáforos,655.0436045545417,1198.5001475804465,3213837.7519015213,507695.1558714282
18,vista_hermosa,OSRM,879.0,1184.5,3617441.9,861005.5888245702
18,vista_hermosa,OSRM / velocidad,795.8408460638219,1400.5455546073206,3682497.1747117154,861005.5888245702
18,vista_hermosa,BPR / velocidad,799.3307016054872,1410.353186230905,3699990.1176129943,861005.5888245702
18,vista_hermosa,BPR / velocidad + semáforos,1014.2626215034043,1738.689430940494,4560995.706437564,861005.5888245702
18,reforma,OSRM,590.4,868.4,2677859.7,483268.3820859073
18,reforma,OSRM / velocidad,554.68661815235,996.0208879336728,2726295.675040842,483268.3820859073
18,reforma,BPR / velocidad,554.951559196811,996.2998855732504,2727010.276405185,483268.3820859073
18,reforma,BPR / velocidad + semáforos,650.826803714498,1214.4970197949935,3210278.6584910923,483268.3820859073
19,base,OSRM,590.4,861.2,2622585.2,505805.72437407455
19,base,OSRM / velocidad,555.1410751866301,991.1010109148052,2685079.7422236046,505805.72437407455
19,base,BPR / velocidad,555.2001261369644,991.3901560461387,2685695.5569757437,505805.72437407455
19,base,BPR / velocidad + semáforos,656.1138438200996,1205.591676517369,3191501.2813498178,505805.72437407455
19,vista_hermosa,OSRM,871.4,1200.6,3593194.0,860819.2082822593
19,vista_hermosa,OSRM / velocidad,801.5408760164894,1436.5665383017856,3676238.3057196992,860819.2082822593
19,vista_hermosa,BPR / velocidad,805.5365095318066,1443.986327786746,3694187.3891605716,860819.2082822593
19,vista_hermosa,BPR / velocidad + semáforos,1029.8182758538642,1775.5330521995725,4555006.597442832,860819.2082822593
19,reforma,OSRM,590.4,868.4,2643693.6,478715.25386081194
19,reforma,OSRM / velocidad,557.6928548052701,997.2435411354302,2706795.8670660257,478715.25386081194
19,reforma,BPR / velocidad,557.7770446205375,997.3515682352426,2707536.1292063585,478715.25386081194
19,reforma,BPR / velocidad + semáforos,651.5436932137616,1230.8461990005896,3186251.3830671706,478715.25386081194
20,base,OSRM,586.3,861.2,2656933.8,519270.23396592715
20,base,OSRM / velocidad,547.421754212098,1001.2267082108164,2718424.7779998835,519270.23396592715
20,base,BPR / velocidad,547.4367144041722,1001.3979340267831,2719034.2292471724,519270.23396592715
20,base,BPR / velocidad + semáforos,642.0463406631424,1220.5827002156955,3238304.463213099,519270.23396592715
20,vista_hermosa,OSRM,865.6,1193.4,3616380.0,859987.7029839682
20,vista_hermosa,OSRM / velocidad,784.237170261363,1423.7111337801668,3694980.2725602146,859987.7029839682
20,vista_hermosa,BPR / velocidad,788.9985115592145,1431.045771375384,3713357.7485377835,859987.7029839682
20,vista_hermosa,BPR / velocidad + semáforos,996.7146028505026,1751.5677040926676,4573345.451521751,859987.7029839682
20,reforma,OSRM,587.4,868.4,2679347.5,497206.27351997513
20,reforma,OSRM / velocidad,550.0442546789435,1009.1337394399604,2741308.495823547,497206.27351997513
20,reforma,BPR / velocidad,550.153499930119,1009.4278355359554,2742051.888754623,497206.27351997513
20,reforma,BPR / velocidad + semáforos,638.0988028480474,1242.9612790307208,3239258.1622745977,497206.27351997513
21,base,OSRM,590.3,862.4,2703366.4000000004,531994.7304671893
21,base,OSRM / velocidad,548.4539429577072,1003.6138424205928,2765362.655585263,531994.7304671893
21,base,BPR / velocidad,548.4977696931626,1003.8198028324432,2765963.822152637,531994.7304671893
21,base,BPR / velocidad + semáforos,654.5781040402883,1221.415992171516,3297958.5526198265,531994.7304671893
21,vista_hermosa,OSRM,870.1,1200.0799999999992,3680763.3,889306.6043306093
21,vista_hermosa,OSRM / velocidad,795.9669275641012,1405.4071249305575,3763593.680302493,889306.6043306093
21,vista_hermosa,BPR / velocidad,799.1647213035467,1414.6241405068884,3784252.3174655437,889306.6043306093
21,vista_hermosa,BPR / velocidad + semáforos,1017.9484248677389,1762.6000486086755,4673558.921796153,889306.6043306093
21,reforma,OSRM,590.3,868.4,2725697.5,513748.66342961544
21,reforma,OSRM / velocidad,551.8177579244577,1021.9467580410131,2788116.6518426156,513748.66342961544
21,reforma,BPR / velocidad,551.9114365585153,1022.3056331463911,2788852.008955421,513748.66342961544
21,reforma,BPR / velocidad + semáforos,650.4844537622773,1236.529559877157,3302600.6723850365,513748.66342961544
22,base,OSRM,587.8,861.2,2596676.6,498105.7392780032
22,base,OSRM / velocidad,544.0231161071542,986.497537438438,2652305.087818158,498105.7392780032
22,base,BPR / velocidad,544.0378685189594,986.7410866600469,2653014.750507797,498105.7392780032
22,base,BPR / velocidad + semáforos,648.6542129656466,1192.8099714282569,3151120.4897857998,498105.7392780032
22,vista_hermosa,OSRM,866.7,1199.3,3537513.0999999996,839138.5826953165
22,vista_hermosa,OSRM / velocidad,785.457226251051,1417.9083057992411,3612259.0997344656,839138.5826953165
22,vista_hermosa,BPR / velocidad,791.6394482741822,1423.630005804991,3630762.477878687,839138.5826953165
22,vista_hermosa,BPR / velocidad + semáforos,1016.9434573976512,1734.1736361225087,4469901.060574003,839138.5826953165
22,reforma,OSRM,587.8,866.6,2616926.7,480573.0042835049
22,reforma,OSRM / velocidad,548.170588219017,997.0049992335319,2673164.1914161528,480573.0042835049
22,reforma,BPR / velocidad,548.3248807651239,997.1943405798734,2673981.8343608254,480573.0042835049
22,reforma,BPR / velocidad + semáforos,645.9882356987379,1219.022526038166,3154554.8386443304,480573.0042835049
23,base,OSRM,590.4,861.2,2679721.5,523939.0465087861
23,base,OSRM / velocidad,552.9042930811898,997.6382943561284,2750290.4879408116,523939.0465087861
23,base,BPR / velocidad,553.0464836787629,997.7103351041163,2750988.7865211433,523939.0465087861
23,base,BPR / velocidad + semáforos,658.9798433650161,1208.0491153903888,3274927.8330299295,523939.0465087861
23,vista_hermosa,OSRM,865.6,1193.4,3648091.7,887593.1375672991
23,vista_hermosa,OSRM / velocidad,791.9701337586854,1422.2773278484024,3740094.769565197,887593.1375672991
23,vista_hermosa,BPR / velocidad,796.1901632914265,1433.818326749417,3756254.9995014947,887593.1375672991
23,vista_hermosa,BPR / velocidad + semáforos,1021.4715448342461,1756.1316990119947,4643848.137068794,887593.1375672991
23,reforma,OSRM,590.4,866.7799999999991,2701944.6,500764.91966373334
23,reforma,OSRM / velocidad,557.1477156458136,1005.0975685678468,2773205.081872654,500764.91966373334
23,reforma,BPR / velocidad,557.1578374437238,1005.4179968045332,2774082.473956977,500764.91966373334
23,reforma,BPR / velocidad + semáforos,653.9955945449607,1232.3237118759212,3274847.393620711,500764.91966373334
24,base,OSRM,595.4,861.2,2664284.2,515349.727090438
24,base,OSRM / velocidad,556.3866890285609,979.6737289237514,2708096.598524049,515349.727090438
24,base,BPR / velocidad,556.585463002297,979.9927925956008,2708847.7950234944,515349.727090438
24,base,BPR / velocidad + semáforos,666.0106605125457,1190.3514098649496,3224197.5221139323,515349.727090438
24,vista_hermosa,OSRM,878.6,1184.5,3614630.3,862570.0851623795
24,vista_hermosa,OSRM / velocidad,797.2936689050672,1399.3424317735196,3680022.1821816736,862570.0851623795
24,vista_hermosa,BPR / velocidad,803.480683229519,1405.3464150263949,3700640.7293314086,862570.0851623795
24,vista_hermosa,BPR / velocidad + semáforos,1024.0142973055763,1734.0835565584803,4563210.814493788,862570.0851623795
24,reforma,OSRM,595.4,866.6,2686020.5,491979.2910738901
24,reforma,OSRM / velocidad,561.1898999499565,988.1580660740384,2730175.0191382887,491979.2910738901
24,reforma,BPR / velocidad,561.388902927436,988.3226359171351,2731138.200328019,491979.2910738901
24,reforma,BPR / velocidad + semáforos,659.7870711020448,1218.9111056283377,3223117.491401909,491979.2910738901
25,base,OSRM,588.3,868.31,2660971.2,496896.8618414488
25,base,OSRM / velocidad,550.6556509538106,1000.1941730760111,2716310.1455323817,496896.8618414488
25,base,BPR / velocidad,550.864164059162,1000.2312137131355,2717086.170202483,496896.8618414488
25,base,BPR / velocidad + semáforos,644.1851481319084,1217.325775269567,3213983.032043932,496896.8618414488
25,vista_hermosa,OSRM,865.7,1193.4,3598607.6,846694.2413690836
25,vista_hermosa,OSRM / velocidad,780.4646994432953,1420.4821932169255,3679999.7119807284,846694.2413690836
25,vista_hermosa,BPR / velocidad,784.2760542584915,1429.0949017551068,3696079.293743708,846694.2413690836
25,vista_hermosa,BPR / velocidad + semáforos,982.7390743931126,1754.5861408743451,4542773.535112792,846694.2413690836
25,reforma,OSRM,588.3,879.1,2681653.5,475041.21138967643
25,reforma,OSRM / velocidad,553.8243031988528,1013.8596092561226,2737314.3715034635,475041.21138967643
25,reforma,BPR / velocidad,553.9503400398032,1014.4487978280313,2738299.550211196,475041.21138967643
25,reforma,BPR / velocidad + semáforos,642.4666430327353,1228.9388509406583,3213340.7616008725,475041.21138967643
26,base,OSRM,587.8,868.1,2653956.8,524083.38899870194
26,base,OSRM / velocidad,546.0557036414773,1005.1342447032542,2702571.8921035044,524083.38899870194
26,base,BPR / velocidad,546.1678167218734,1005.3086431195472,2703274.4291950697,524083.38899870194
26,base,BPR / velocidad + semáforos,651.3399252749385,1221.4847632366589,3227357.818193772,524083.38899870194
26,vista_hermosa,OSRM,865.6,1193.4,3585481.0,871653.8283381462
26,vista_hermosa,OSRM / velocidad,783.6324283989529,1401.0976257910813,3646552.399919915,871653.8283381462
26,vista_hermosa,BPR / velocidad,787.3412683476763,1408.943490070152,3665802.3015051,871653.8283381462
26,vista_hermosa,BPR / velocidad + semáforos,1012.166376794349,1740.6634407182548,4537456.129843246,871653.8283381462
26,reforma,OSRM,587.8,873.4,2676680.7,503788.79331953195
26,reforma,OSRM / velocidad,549.8925147035242,1017.0097426364185,2725682.110179087,503788.79331953195
26,reforma,BPR / velocidad,549.9714084077322,1017.5291549032803,2726524.0082772784,503788.79331953195
26,reforma,BPR / velocidad + semáforos,645.704763612438,1250.3263702236018,3230312.8015968106,503788.79331953195
27,base,OSRM,586.3,862.4,2598226.1,495586.3428421705
27,base,OSRM / velocidad,540.4494480470762,989.5517374380481,2643826.664077376,495586.3428421705
27,base,BPR / velocidad,540.4886154305825,989.7130497255268,2644357.284269155,495586.3428421705
27,base,BPR / velocidad + semáforos,635.1560226444385,1198.456007949381,3139943.627111326,495586.3428421705
27,vista_hermosa,OSRM,862.1,1193.4,3534120.1,843522.7052668049
27,vista_hermosa,OSRM / velocidad,783.5393716319236,1415.9290605167757,3595172.7154353815,843522.7052668049
27,vista_hermosa,BPR / velocidad,788.3249385149286,1422.9273717162873,3613357.7579088532,843522.7052668049
27,vista_hermosa,BPR / velocidad + semáforos,992.8217953688581,1747.0534002452387,4456880.463175658,843522.7052668049
27,reforma,OSRM,587.4,872.0349999999986,2619121.7,480721.31465908646
27,reforma,OSRM / velocidad,544.4349577247986,998.9845384018828,2665098.793082325,480721.31465908646
27,reforma,BPR / velocidad,544.5561588475521,999.4004304383121,2665790.8928916077,480721.31465908646
27,reforma,BPR / velocidad + semáforos,630.140845383492,1228.9007422901477,3146512.2075506942,480721.31465908646
28,base,OSRM,589.7,861.2,2640797.1,505103.23306763964
28,base,OSRM / velocidad,547.2872780927166,993.1669101349356,2705328.3071953156,505103.23306763964
28,base,BPR / velocidad,547.4808810666193,993.2098915391292,2705947.6298125405,505103.23306763964
28,base,BPR / velocidad + semáforos,653.979610279437,1200.481302223551,3211050.8628801806,505103.23306763964
28,vista_hermosa,OSRM,871.4,1193.4,3596524.3,858453.0996021335
28,vista_hermosa,OSRM / velocidad,805.4740322030714,1416.5873750693777,3682014.72276155,858453.0996021335
28,vista_hermosa,BPR / velocidad,810.440566754558,1423.7991699897452,3699270.6685752114,858453.0996021335
28,vista_hermosa,BPR / velocidad + semáforos,1025.1524576547397,1748.7327764269658,4557723.768177345,858453.0996021335
28,reforma,OSRM,589.7,868.4,2662156.3,480885.257191926
28,reforma,OSRM / velocidad,551.9703667707578,1005.3242992877234,2727189.7212974313,480885.257191926
28,reforma,BPR / velocidad,552.0200136039491,1005.5757084749342,2727977.5932620424,480885.257191926
28,reforma,BPR / velocidad + semáforos,649.9391929372848,1217.9403748722143,3208862.850453968,480885.257191926
29,base,OSRM,582.2,858.5,2617602.9000000004,508397.00103263604
29,base,OSRM / velocidad,544.7726865756003,976.8381523890342,2670303.729068592,508397.00103263604
29,base,BPR / velocidad,544.7769699385874,977.0831234474088,2670824.6188803883,508397.00103263604
29,base,BPR / velocidad + semáforos,644.1179513366658,1200.97673381113,3179221.619913024,508397.00103263604
29,vista_hermosa,OSRM,863.85,1184.5,3548396.8,847172.6399681107
29,vista_hermosa,OSRM / velocidad,776.7601284676537,1410.5834453857549,3620091.6930153864,847172.6399681107
29,vista_hermosa,BPR / velocidad,778.7378452651064,1415.9562729266734,3630632.0360115096,847172.6399681107
29,vista_hermosa,BPR / velocidad + semáforos,994.4391929926196,1734.6231991245913,4477804.675979621,847172.6399681107
29,reforma,OSRM,587.4,862.4,2639603.3,481656.17288681306
29,reforma,OSRM / velocidad,549.1180287994764,997.8251742441483,2692567.362451887,481656.17288681306
29,reforma,BPR / velocidad,549.1698551301416,997.9853672811489,2693217.6249665534,481656.17288681306
29,reforma,BPR / velocidad + semáforos,640.0433313957062,1215.9682505721948,3174873.7978533665,481656.17288681306
