replica,escenario,origen,destino,base,cerrado
0,base,z10,z10,319.82756010010513,319.82756010010513
0,base,z10,z15,793.307972954615,793.307972954615
0,base,z10,z16,828.1282318414379,828.1282318414379
0,base,z15,z10,867.8504925299706,867.8504925299706
0,base,z15,z15,251.85144745392694,251.85144745392694
0,base,z15,z16,242.42578057335504,242.42578057335504
0,base,z16,z10,954.3561163776299,954.3561163776299
0,base,z16,z15,279.87838943869457,279.87838943869457
0,base,z16,z16,311.9523441361312,311.9523441361312
0,vista_hermosa,z10,z10,319.82756010010513,319.8336554731394
0,vista_hermosa,z10,z15,793.307972954615,1416.886619663159
0,vista_hermosa,z10,z16,828.1282318414379,1277.185233958168
0,vista_hermosa,z15,z10,867.8504925299706,1213.1564682035241
0,vista_hermosa,z15,z15,251.85144745392694,255.30658137186936
0,vista_hermosa,z15,z16,242.42578057335504,243.03071052590965
0,vista_hermosa,z16,z10,954.3561163776299,1217.5829082543733
0,vista_hermosa,z16,z15,279.87838943869457,281.0397037430453
0,vista_hermosa,z16,z16,311.9523441361312,312.1316843946096
0,reforma,z10,z10,319.82756010010513,315.2740224878004
0,reforma,z10,z15,793.307972954615,781.250793302801
0,reforma,z10,z16,828.1282318414379,821.9866640623788
0,reforma,z15,z10,867.8504925299706,859.3688244595423
0,reforma,z15,z15,251.85144745392694,251.85144745392694
0,reforma,z15,z16,242.42578057335504,242.42578057335504
0,reforma,z16,z10,954.3561163776299,944.7764230041814
0,reforma,z16,z15,279.87838943869457,279.87838943869457
0,reforma,z16,z16,311.9523441361312,311.9523441361312
1,base,z10,z10,309.90198629907553,309.90198629907553
1,base,z10,z15,781.0063795022098,781.0063795022098
1,base,z10,z16,844.6329208582684,844.6329208582684
1,base,z15,z10,871.9910815285282,871.9910815285282
1,base,z15,z15,258.63596137700017,258.63596137700017
1,base,z15,z16,245.59067388210372,245.59067388210372
1,base,z16,z10,966.4072709046379,966.4072709046379
1,base,z16,z15,306.7281514368989,306.7281514368989
1,base,z16,z16,305.17236937801624,305.17236937801624
1,vista_hermosa,z10,z10,309.90198629907553,309.901976632469
1,vista_hermosa,z10,z15,781.0063795022098,1403.6320591915805
1,vista_hermosa,z10,z16,844.6329208582684,1310.0203955830016
1,vista_hermosa,z15,z10,871.9910815285282,1207.342292501514
1,vista_hermosa,z15,z15,258.63596137700017,258.99536460218883
1,vista_hermosa,z15,z16,245.59067388210372,245.60820100003883
1,vista_hermosa,z16,z10,966.4072709046379,1207.3261431449387
1,vista_hermosa,z16,z15,306.7281514368989,306.73495733632717
1,vista_hermosa,z16,z16,305.17236937801624,306.60628050947344
1,reforma,z10,z10,309.90198629907553,309.92180577152766
1,reforma,z10,z15,781.0063795022098,769.6452088641296
1,reforma,z10,z16,844.6329208582684,836.2545426499272
1,reforma,z15,z10,871.9910815285282,859.7383170815956
1,reforma,z15,z15,258.63596137700017,258.63596137700017
1,reforma,z15,z16,245.59067388210372,245.59067388210372
1,reforma,z16,z10,966.4072709046379,956.3189344440569
1,reforma,z16,z15,306.7281514368989,306.7281513944969
1,reforma,z16,z16,305.17236937801624,305.1723692424523
2,base,z10,z10,306.5871118886582,306.5871118886582
2,base,z10,z15,787.4040933008314,787.4040933008314
2,base,z10,z16,825.7239298182401,825.7239298182401
2,base,z15,z10,865.8612349434137,865.8612349434137
2,base,z15,z15,257.73274767890734,257.73274767890734
2,base,z15,z16,247.86881933060022,247.86881933060022
2,base,z16,z10,955.1536471359302,955.1536471359302
2,base,z16,z15,298.04091847870603,298.04091847870603
2,base,z16,z16,324.8642303179379,324.8642303179379
2,vista_hermosa,z10,z10,306.5871118886582,306.5871932344263
2,vista_hermosa,z10,z15,787.4040933008314,1399.2854653901097
2,vista_hermosa,z10,z16,825.7239298182401,1273.2073598419217
2,vista_hermosa,z15,z10,865.8612349434137,1214.215732272378
2,vista_hermosa,z15,z15,257.73274767890734,257.90271426320095
2,vista_hermosa,z15,z16,247.86881933060022,247.88842495681718
2,vista_hermosa,z16,z10,955.1536471359302,1213.0742666100336
2,vista_hermosa,z16,z15,298.04091847870603,298.5123399351826
2,vista_hermosa,z16,z16,324.8642303179379,326.13018997169365
2,reforma,z10,z10,306.5871118886582,305.1185822075543
2,reforma,z10,z15,787.4040933008314,770.6365929768001
2,reforma,z10,z16,825.7239298182401,822.0321153552179
2,reforma,z15,z10,865.8612349434137,861.3932563087915
2,reforma,z15,z15,257.73274767890734,257.7327877512862
2,reforma,z15,z16,247.86881933060022,247.86881933060022
2,reforma,z16,z10,955.1536471359302,942.5833179525368
2,reforma,z16,z15,298.04091847870603,298.0409109119317
2,reforma,z16,z16,324.8642303179379,324.86422121312455
3,base,z10,z10,293.03584740663337,293.03584740663337
3,base,z10,z15,788.9716545377958,788.9716545377958
3,base,z10,z16,816.4190146780861,816.4190146780861
3,base,z15,z10,888.7422551948798,888.7422551948798
3,base,z15,z15,274.6314410009612,274.6314410009612
3,base,z15,z16,240.6301717267093,240.6301717267093
3,base,z16,z10,961.5346076839836,961.5346076839836
3,base,z16,z15,299.2674291754282,299.2674291754282
3,base,z16,z16,278.00626434551486,278.00626434551486
3,vista_hermosa,z10,z10,293.03584740663337,293.03584698894747
3,vista_hermosa,z10,z15,788.9716545377958,1386.8926331880268
3,vista_hermosa,z10,z16,816.4190146780861,1299.656758297443
3,vista_hermosa,z15,z10,888.7422551948798,1208.6561359031684
3,vista_hermosa,z15,z15,274.6314410009612,274.9461997189499
3,vista_hermosa,z15,z16,240.6301717267093,240.7200836318791
3,vista_hermosa,z16,z10,961.5346076839836,1227.5726140197644
3,vista_hermosa,z16,z15,299.2674291754282,300.3963412949229
3,vista_hermosa,z16,z16,278.00626434551486,279.4701898115042
3,reforma,z10,z10,293.03584740663337,293.6064275851772
3,reforma,z10,z15,788.9716545377958,771.6707864591065
3,reforma,z10,z16,816.4190146780861,809.6834671278532
3,reforma,z15,z10,888.7422551948798,870.4173767356183
3,reforma,z15,z15,274.6314410009612,274.6314410009612
3,reforma,z15,z16,240.6301717267093,240.6301716026834
3,reforma,z16,z10,961.5346076839836,937.4971543125682
3,reforma,z16,z15,299.2674291754282,299.26741075476446
3,reforma,z16,z16,278.00626434551486,278.00626420314916
4,base,z10,z10,302.82795122102016,302.82795122102016
4,base,z10,z15,784.4004878719286,784.4004878719286
4,base,z10,z16,831.4591350509309,831.4591350509309
4,base,z15,z10,882.2829008911508,882.2829008911508
4,base,z15,z15,274.47343233646893,274.47343233646893
4,base,z15,z16,245.81839691630933,245.81839691630933
4,base,z16,z10,955.1681425301604,955.1681425301604
4,base,z16,z15,297.0072759572542,297.0072759572542
4,base,z16,z16,301.29465420744344,301.29465420744344
4,vista_hermosa,z10,z10,302.82795122102016,302.8258105625246
4,vista_hermosa,z10,z15,784.4004878719286,1381.4488119395987
4,vista_hermosa,z10,z16,831.4591350509309,1311.7075242904075
4,vista_hermosa,z15,z10,882.2829008911508,1227.9348860748778
4,vista_hermosa,z15,z15,274.47343233646893,276.56130953830854
4,vista_hermosa,z15,z16,245.81839691630933,245.96861511380314
4,vista_hermosa,z16,z10,955.1681425301604,1210.2814402640868
4,vista_hermosa,z16,z15,297.0072759572542,299.3351270868708
4,vista_hermosa,z16,z16,301.29465420744344,301.5052684442577
4,reforma,z10,z10,302.82795122102016,302.76440178603116
4,reforma,z10,z15,784.4004878719286,777.5029444180774
4,reforma,z10,z16,831.4591350509309,825.0281928744268
4,reforma,z15,z10,882.2829008911508,868.7177728904555
4,reforma,z15,z15,274.47343233646893,274.4734321116246
4,reforma,z15,z16,245.81839691630933,245.81839691630933
4,reforma,z16,z10,955.1681425301604,948.5536479466894
4,reforma,z16,z15,297.0072759572542,297.0072759572542
4,reforma,z16,z16,301.29465420744344,301.29465420744344
5,base,z10,z10,323.02919768492416,323.02919768492416
5,base,z10,z15,777.1794934227914,777.1794934227914
5,base,z10,z16,849.5566315906992,849.5566315906992
5,base,z15,z10,906.4036185604175,906.4036185604175
5,base,z15,z15,258.65772653487625,258.65772653487625
5,base,z15,z16,236.00780661518866,236.00780661518866
5,base,z16,z10,941.0798378201179,941.0798378201179
5,base,z16,z15,297.02105137584925,297.02105137584925
5,base,z16,z16,312.9899601958715,312.9899601958715
5,vista_hermosa,z10,z10,323.02919768492416,323.02929560328516
5,vista_hermosa,z10,z15,777.1794934227914,1396.176354353483
5,vista_hermosa,z10,z16,849.5566315906992,1313.8618661369128
5,vista_hermosa,z15,z10,906.4036185604175,1230.0736895405328
5,vista_hermosa,z15,z15,258.65772653487625,258.6052646281803
5,vista_hermosa,z15,z16,236.00780661518866,236.09531739230076
5,vista_hermosa,z16,z10,941.0798378201179,1201.8512656404553
5,vista_hermosa,z16,z15,297.02105137584925,297.813613101939
5,vista_hermosa,z16,z16,312.9899601958715,312.9336958379003
5,reforma,z10,z10,323.02919768492416,322.0353320248376
5,reforma,z10,z15,777.1794934227914,769.9874737726327
5,reforma,z10,z16,849.5566315906992,840.0877560152583
5,reforma,z15,z10,906.4036185604175,881.7515201493787
5,reforma,z15,z15,258.65772653487625,258.65772653487625
5,reforma,z15,z16,236.00780661518866,236.00780661518866
5,reforma,z16,z10,941.0798378201179,935.9212118861277
5,reforma,z16,z15,297.02105137584925,297.02105137584925
5,reforma,z16,z16,312.9899601958715,312.9899601958715
6,base,z10,z10,294.70248189658525,294.70248189658525
6,base,z10,z15,781.2681907512294,781.2681907512294
6,base,z10,z16,838.8616331775402,838.8616331775402
6,base,z15,z10,868.6746973836246,868.6746973836246
6,base,z15,z15,261.15201346097376,261.15201346097376
6,base,z15,z16,261.4029340427348,261.4029340427348
6,base,z16,z10,946.8010101065272,946.8010101065272
6,base,z16,z15,295.93406478441665,295.93406478441665
6,base,z16,z16,320.26456275745124,320.26456275745124
6,vista_hermosa,z10,z10,294.70248189658525,294.7025043031684
6,vista_hermosa,z10,z15,781.2681907512294,1399.7693228556445
6,vista_hermosa,z10,z16,838.8616331775402,1305.5068926445879
6,vista_hermosa,z15,z10,868.6746973836246,1215.5046112977252
6,vista_hermosa,z15,z15,261.15201346097376,263.85408045029124
6,vista_hermosa,z15,z16,261.4029340427348,261.35550229326765
6,vista_hermosa,z16,z10,946.8010101065272,1204.6367003158573
6,vista_hermosa,z16,z15,295.93406478441665,296.1760821257959
6,vista_hermosa,z16,z16,320.26456275745124,322.0681086252598
6,reforma,z10,z10,294.70248189658525,294.70249808588176
6,reforma,z10,z15,781.2681907512294,763.7961844713024
6,reforma,z10,z16,838.8616331775402,826.7550938324068
6,reforma,z15,z10,868.6746973836246,860.5132939774683
6,reforma,z15,z15,261.15201346097376,261.15201346097376
6,reforma,z15,z16,261.4029340427348,261.40293390978303
6,reforma,z16,z10,946.8010101065272,939.485881343109
6,reforma,z16,z15,295.93406478441665,295.93406478441665
6,reforma,z16,z16,320.26456275745124,320.2645596186034
7,base,z10,z10,321.20853978947383,321.20853978947383
7,base,z10,z15,785.6595678850983,785.6595678850983
7,base,z10,z16,857.3970825244376,857.3970825244376
7,base,z15,z10,876.3326021864732,876.3326021864732
7,base,z15,z15,257.4202423141246,257.4202423141246
7,base,z15,z16,253.36962170633822,253.36962170633822
7,base,z16,z10,940.1505777141067,940.1505777141067
7,base,z16,z15,301.1619839199671,301.1619839199671
7,base,z16,z16,310.09059140613294,310.09059140613294
7,vista_hermosa,z10,z10,321.20853978947383,321.2085116303332
7,vista_hermosa,z10,z15,785.6595678850983,1395.14762058628
7,vista_hermosa,z10,z16,857.3970825244376,1311.1784811568884
7,vista_hermosa,z15,z10,876.3326021864732,1213.7862814659436
7,vista_hermosa,z15,z15,257.4202423141246,257.4100260754971
7,vista_hermosa,z15,z16,253.36962170633822,253.7498594306918
7,vista_hermosa,z16,z10,940.1505777141067,1189.9823568634424
7,vista_hermosa,z16,z15,301.1619839199671,301.30717379665526
7,vista_hermosa,z16,z16,310.09059140613294,309.4617148052515
7,reforma,z10,z10,321.20853978947383,325.37930727271214
7,reforma,z10,z15,785.6595678850983,774.607528212174
7,reforma,z10,z16,857.3970825244376,847.4853053288016
7,reforma,z15,z10,876.3326021864732,863.5265491243106
7,reforma,z15,z15,257.4202423141246,257.42024450605584
7,reforma,z15,z16,253.36962170633822,253.36962170633822
7,reforma,z16,z10,940.1505777141067,936.5001616787156
7,reforma,z16,z15,301.1619839199671,301.1619839199671
7,reforma,z16,z16,310.09059140613294,310.09059140613294
8,base,z10,z10,304.50354307146466,304.50354307146466
8,base,z10,z15,785.3781711862226,785.3781711862226
8,base,z10,z16,859.8162528580852,859.8162528580852
8,base,z15,z10,888.1234949602872,888.1234949602872
8,base,z15,z15,251.5151446264495,251.5151446264495
8,base,z15,z16,243.8951665123746,243.8951665123746
8,base,z16,z10,959.827735160108,959.827735160108
8,base,z16,z15,309.3471100271198,309.3471100271198
8,base,z16,z16,297.25660177077106,297.25660177077106
8,vista_hermosa,z10,z10,304.50354307146466,304.5034646621525
8,vista_hermosa,z10,z15,785.3781711862226,1419.9113651374773
8,vista_hermosa,z10,z16,859.8162528580852,1289.7065695423698
8,vista_hermosa,z15,z10,888.1234949602872,1220.0741293164572
8,vista_hermosa,z15,z15,251.5151446264495,251.61314459752566
8,vista_hermosa,z15,z16,243.8951665123746,243.98294859966143
8,vista_hermosa,z16,z10,959.827735160108,1227.8763844438438
8,vista_hermosa,z16,z15,309.3471100271198,312.51585367164444
8,vista_hermosa,z16,z16,297.25660177077106,297.33698970656525
8,reforma,z10,z10,304.50354307146466,302.77069464161434
8,reforma,z10,z15,785.3781711862226,777.9713734667921
8,reforma,z10,z16,859.8162528580852,847.474367979802
8,reforma,z15,z10,888.1234949602872,878.4506699738798
8,reforma,z15,z15,251.5151446264495,251.51514442024452
8,reforma,z15,z16,243.8951665123746,243.8951665123746
8,reforma,z16,z10,959.827735160108,957.2051362783266
8,reforma,z16,z15,309.3471100271198,309.3470559937451
8,reforma,z16,z16,297.25660177077106,297.25660177077106
9,base,z10,z10,315.6802616623769,315.6802616623769
9,base,z10,z15,768.2375858540271,768.2375858540271
9,base,z10,z16,835.9341549849063,835.9341549849063
9,base,z15,z10,870.8927859630988,870.8927859630988
9,base,z15,z15,258.9243620027962,258.9243620027962
9,base,z15,z16,250.6196058460996,250.6196058460996
9,base,z16,z10,952.4838271401701,952.4838271401701
9,base,z16,z15,299.0170292221768,299.0170292221768
9,base,z16,z16,298.0440364975933,298.0440364975933
9,vista_hermosa,z10,z10,315.6802616623769,315.68506055239453
9,vista_hermosa,z10,z15,768.2375858540271,1378.5272458421082
9,vista_hermosa,z10,z16,835.9341549849063,1282.6350527007658
9,vista_hermosa,z15,z10,870.8927859630988,1211.266416122889
9,vista_hermosa,z15,z15,258.9243620027962,258.8957800873785
9,vista_hermosa,z15,z16,250.6196058460996,250.56213985927357
9,vista_hermosa,z16,z10,952.4838271401701,1188.5207084324247
9,vista_hermosa,z16,z15,299.0170292221768,302.81993639954146
9,vista_hermosa,z16,z16,298.0440364975933,298.04062552794585
9,reforma,z10,z10,315.6802616623769,312.89926148492196
9,reforma,z10,z15,768.2375858540271,755.7382688860084
9,reforma,z10,z16,835.9341549849063,832.170430389966
9,reforma,z15,z10,870.8927859630988,855.8352849861031
9,reforma,z15,z15,258.9243620027962,258.92443723202075
9,reforma,z15,z16,250.6196058460996,250.6196058460996
9,reforma,z16,z10,952.4838271401701,928.1248519007329
9,reforma,z16,z15,299.0170292221768,299.0170292221768
9,reforma,z16,z16,298.0440364975933,298.04402971281985
10,base,z10,z10,288.2222413488349,288.2222413488349
10,base,z10,z15,790.1413629882744,790.1413629882744
10,base,z10,z16,841.765978365141,841.765978365141
10,base,z15,z10,876.8585048285601,876.8585048285601
10,base,z15,z15,253.77371952208958,253.77371952208958
10,base,z15,z16,235.95292080019092,235.95292080019092
10,base,z16,z10,969.8610827148849,969.8610827148849
10,base,z16,z15,297.7652017328195,297.7652017328195
10,base,z16,z16,312.5554448285248,312.5554448285248
10,vista_hermosa,z10,z10,288.2222413488349,288.2222639268514
10,vista_hermosa,z10,z15,790.1413629882744,1395.9934620273882
10,vista_hermosa,z10,z16,841.765978365141,1313.8725654126774
10,vista_hermosa,z15,z10,876.8585048285601,1213.3220345551254
10,vista_hermosa,z15,z15,253.77371952208958,254.19670213492356
10,vista_hermosa,z15,z16,235.95292080019092,236.0648775405293
10,vista_hermosa,z16,z10,969.8610827148849,1232.1326124106563
10,vista_hermosa,z16,z15,297.7652017328195,302.77276152849265
10,vista_hermosa,z16,z16,312.5554448285248,314.7378497312153
10,reforma,z10,z10,288.2222413488349,290.00853741531387
10,reforma,z10,z15,790.1413629882744,766.6213632292908
10,reforma,z10,z16,841.765978365141,826.60591743744
10,reforma,z15,z10,876.8585048285601,866.2391725676914
10,reforma,z15,z15,253.77371952208958,253.77371952208958
10,reforma,z15,z16,235.95292080019092,235.95292080019092
10,reforma,z16,z10,969.8610827148849,952.0218412443442
10,reforma,z16,z15,297.7652017328195,297.7652017328195
10,reforma,z16,z16,312.5554448285248,312.5554443946687
11,base,z10,z10,292.4252874333022,292.4252874333022
11,base,z10,z15,797.4737657211887,797.4737657211887
11,base,z10,z16,844.6195138733569,844.6195138733569
11,base,z15,z10,872.3213416279054,872.3213416279054
11,base,z15,z15,262.67306684749667,262.67306684749667
11,base,z15,z16,252.62670769168471,252.62670769168471
11,base,z16,z10,963.4368140497747,963.4368140497747
11,base,z16,z15,296.0851963331245,296.0851963331245
11,base,z16,z16,298.7194877073452,298.7194877073452
11,vista_hermosa,z10,z10,292.4252874333022,292.4260679037024
11,vista_hermosa,z10,z15,797.4737657211887,1406.564926383708
11,vista_hermosa,z10,z16,844.6195138733569,1328.0965242509988
11,vista_hermosa,z15,z10,872.3213416279054,1205.9617513843843
11,vista_hermosa,z15,z15,262.67306684749667,262.4801124918489
11,vista_hermosa,z15,z16,252.62670769168471,252.63728125397728
11,vista_hermosa,z16,z10,963.4368140497747,1202.5710026944853
11,vista_hermosa,z16,z15,296.0851963331245,296.39556005937465
11,vista_hermosa,z16,z16,298.7194877073452,298.6733905794287
11,reforma,z10,z10,292.4252874333022,293.5022114379203
11,reforma,z10,z15,797.4737657211887,783.9370801260206
11,reforma,z10,z16,844.6195138733569,838.6115688276751
11,reforma,z15,z10,872.3213416279054,861.6464934752412
11,reforma,z15,z15,262.67306684749667,262.67306234203085
11,reforma,z15,z16,252.62670769168471,252.6267033653624
11,reforma,z16,z10,963.4368140497747,951.9180206528749
11,reforma,z16,z15,296.0851963331245,296.085196066224
11,reforma,z16,z16,298.7194877073452,298.7194877073452
12,base,z10,z10,314.32356208119654,314.32356208119654
12,base,z10,z15,783.9317651152772,783.9317651152772
12,base,z10,z16,828.9510758398076,828.9510758398076
12,base,z15,z10,859.3032611223827,859.3032611223827
12,base,z15,z15,256.00014930320833,256.00014930320833
12,base,z15,z16,235.35979718989225,235.35979718989225
12,base,z16,z10,962.6097911928392,962.6097911928392
12,base,z16,z15,278.774492139107,278.774492139107
12,base,z16,z16,304.5009993518129,304.5009993518129
12,vista_hermosa,z10,z10,314.32356208119654,314.33742527205766
12,vista_hermosa,z10,z15,783.9317651152772,1376.7527586546196
12,vista_hermosa,z10,z16,828.9510758398076,1284.4951143087442
12,vista_hermosa,z15,z10,859.3032611223827,1189.8294673553505
12,vista_hermosa,z15,z15,256.00014930320833,256.24466620522196
12,vista_hermosa,z15,z16,235.35979718989225,235.35979718989225
12,vista_hermosa,z16,z10,962.6097911928392,1212.478380588884
12,vista_hermosa,z16,z15,278.774492139107,280.262912343493
12,vista_hermosa,z16,z16,304.5009993518129,305.0065088192422
12,reforma,z10,z10,314.32356208119654,314.29712562910015
12,reforma,z10,z15,783.9317651152772,764.0245562490362
12,reforma,z10,z16,828.9510758398076,816.4159045500793
12,reforma,z15,z10,859.3032611223827,848.1999840719889
12,reforma,z15,z15,256.00014930320833,255.99917717251995
12,reforma,z15,z16,235.35979718989225,235.35979718989225
12,reforma,z16,z10,962.6097911928392,942.1852277562389
12,reforma,z16,z15,278.774492139107,278.7744454067138
12,reforma,z16,z16,304.5009993518129,304.50096912170915
13,base,z10,z10,300.1329502830012,300.1329502830012
13,base,z10,z15,778.6188397298937,778.6188397298937
13,base,z10,z16,849.6437430394221,849.6437430394221
13,base,z15,z10,902.8105916200077,902.8105916200077
13,base,z15,z15,251.87448570366567,251.87448570366567
13,base,z15,z16,248.97121124936615,248.97121124936615
13,base,z16,z10,957.9185273033492,957.9185273033492
13,base,z16,z15,286.19026586372325,286.19026586372325
13,base,z16,z16,292.32401566510975,292.32401566510975
13,vista_hermosa,z10,z10,300.1329502830012,300.13319697550475
13,vista_hermosa,z10,z15,778.6188397298937,1386.1531231332938
13,vista_hermosa,z10,z16,849.6437430394221,1318.9185499159578
13,vista_hermosa,z15,z10,902.8105916200077,1227.1214554037574
13,vista_hermosa,z15,z15,251.87448570366567,251.90184704855818
13,vista_hermosa,z15,z16,248.97121124936615,248.93555064497858
13,vista_hermosa,z16,z10,957.9185273033492,1211.397693892286
13,vista_hermosa,z16,z15,286.19026586372325,286.9209616567963
13,vista_hermosa,z16,z16,292.32401566510975,293.3952217340512
13,reforma,z10,z10,300.1329502830012,301.10501120736035
13,reforma,z10,z15,778.6188397298937,769.161999924962
13,reforma,z10,z16,849.6437430394221,833.7829880777167
13,reforma,z15,z10,902.8105916200077,888.9709868733765
13,reforma,z15,z15,251.87448570366567,251.87448570366567
13,reforma,z15,z16,248.97121124936615,248.97121124936615
13,reforma,z16,z10,957.9185273033492,940.6663242688107
13,reforma,z16,z15,286.19026586372325,286.19026586372325
13,reforma,z16,z16,292.32401566510975,292.32401442524497
14,base,z10,z10,303.05157553741947,303.05157553741947
14,base,z10,z15,789.2672804138801,789.2672804138801
14,base,z10,z16,840.676618942362,840.676618942362
14,base,z15,z10,870.9673646584378,870.9673646584378
14,base,z15,z15,250.87391039795494,250.87391039795494
14,base,z15,z16,250.94244187329315,250.94244187329315
14,base,z16,z10,957.6372773504686,957.6372773504686
14,base,z16,z15,290.13937028933015,290.13937028933015
14,base,z16,z16,300.85028435595973,300.85028435595973
14,vista_hermosa,z10,z10,303.05157553741947,303.0516715534138
14,vista_hermosa,z10,z15,789.2672804138801,1414.4520127360886
14,vista_hermosa,z10,z16,840.676618942362,1310.6595639523923
14,vista_hermosa,z15,z10,870.9673646584378,1200.1608918168472
14,vista_hermosa,z15,z15,250.87391039795494,253.19706562339735
14,vista_hermosa,z15,z16,250.94244187329315,250.99419010681416
14,vista_hermosa,z16,z10,957.6372773504686,1197.9670679706521
14,vista_hermosa,z16,z15,290.13937028933015,290.45568094831856
14,vista_hermosa,z16,z16,300.85028435595973,301.53583288857175
14,reforma,z10,z10,303.05157553741947,301.1266352489712
14,reforma,z10,z15,789.2672804138801,778.8964477359486
14,reforma,z10,z16,840.676618942362,834.039602644637
14,reforma,z15,z10,870.9673646584378,860.4087225395862
14,reforma,z15,z15,250.87391039795494,250.87396219337472
14,reforma,z15,z16,250.94244187329315,250.94244187329315
14,reforma,z16,z10,957.6372773504686,942.6580837727396
14,reforma,z16,z15,290.13937028933015,290.13937028933015
14,reforma,z16,z16,300.85028435595973,300.85028180778204
15,base,z10,z10,322.7412537413199,322.7412537413199
15,base,z10,z15,786.7501956405603,786.7501956405603
15,base,z10,z16,855.2233944986976,855.2233944986976
15,base,z15,z10,893.0131953522917,893.0131953522917
15,base,z15,z15,261.13649822854075,261.13649822854075
15,base,z15,z16,244.89146386207548,244.89146386207548
15,base,z16,z10,955.9823765468467,955.9823765468467
15,base,z16,z15,304.58623033546803,304.58623033546803
15,base,z16,z16,320.46968364700297,320.46968364700297
15,vista_hermosa,z10,z10,322.7412537413199,322.74124590129554
15,vista_hermosa,z10,z15,786.7501956405603,1398.5150322635864
15,vista_hermosa,z10,z16,855.2233944986976,1326.2136358683024
15,vista_hermosa,z15,z10,893.0131953522917,1226.1156914131727
15,vista_hermosa,z15,z15,261.13649822854075,261.2855721440576
15,vista_hermosa,z15,z16,244.89146386207548,244.87848038619234
15,vista_hermosa,z16,z10,955.9823765468467,1218.509699171892
15,vista_hermosa,z16,z15,304.58623033546803,304.5887171885679
15,vista_hermosa,z16,z16,320.46968364700297,321.95358605140433
15,reforma,z10,z10,322.7412537413199,326.2015812385548
15,reforma,z10,z15,786.7501956405603,774.9023907356222
15,reforma,z10,z16,855.2233944986976,853.0377705498132
15,reforma,z15,z10,893.0131953522917,881.9365279129111
15,reforma,z15,z15,261.13649822854075,261.13649822854075
15,reforma,z15,z16,244.89146386207548,244.89146386207548
15,reforma,z16,z10,955.9823765468467,943.5256633942982
15,reforma,z16,z15,304.58623033546803,304.58623033546803
15,reforma,z16,z16,320.46968364700297,320.46968364700297
16,base,z10,z10,326.24816066266965,326.24816066266965
16,base,z10,z15,787.0819267482857,787.0819267482857
16,base,z10,z16,840.5551984314544,840.5551984314544
16,base,z15,z10,878.1839619254711,878.1839619254711
16,base,z15,z15,269.1137591051511,269.1137591051511
16,base,z15,z16,242.36928853663284,242.36928853663284
16,base,z16,z10,949.8853905303197,949.8853905303197
16,base,z16,z15,269.6153097734595,269.6153097734595
16,base,z16,z16,307.94459803080724,307.94459803080724
16,vista_hermosa,z10,z10,326.24816066266965,326.2512909466649
16,vista_hermosa,z10,z15,787.0819267482857,1387.580797752043
16,vista_hermosa,z10,z16,840.5551984314544,1289.2738672634086
16,vista_hermosa,z15,z10,878.1839619254711,1195.5705281676371
16,vista_hermosa,z15,z15,269.1137591051511,269.613467402525
16,vista_hermosa,z15,z16,242.36928853663284,242.47479164957122
16,vista_hermosa,z16,z10,949.8853905303197,1218.2541565681204
16,vista_hermosa,z16,z15,269.6153097734595,270.1708877100518
16,vista_hermosa,z16,z16,307.94459803080724,310.3075993619493
16,reforma,z10,z10,326.24816066266965,326.3470719861017
16,reforma,z10,z15,787.0819267482857,776.0720787208054
16,reforma,z10,z16,840.5551984314544,834.5444119055419
16,reforma,z15,z10,878.1839619254711,865.6193897619851
16,reforma,z15,z15,269.1137591051511,269.1137591051511
16,reforma,z15,z16,242.36928853663284,242.36928853663284
16,reforma,z16,z10,949.8853905303197,933.7568771980748
16,reforma,z16,z15,269.6153097734595,269.6153097734595
16,reforma,z16,z16,307.94459803080724,307.94459278134616
17,base,z10,z10,292.9062364255144,292.9062364255144
17,base,z10,z15,778.9920361929934,778.9920361929934
17,base,z10,z16,856.8414319574479,856.8414319574479
17,base,z15,z10,881.1549619997088,881.1549619997088
17,base,z15,z15,238.26080384291828,238.26080384291828
17,base,z15,z16,231.62872849722902,231.62872849722902
17,base,z16,z10,970.3046164490243,970.3046164490243
17,base,z16,z15,285.5907959675077,285.5907959675077
17,base,z16,z16,289.06712340526246,289.06712340526246
17,vista_hermosa,z10,z10,292.9062364255144,292.9075565454627
17,vista_hermosa,z10,z15,778.9920361929934,1405.8052665074206
17,vista_hermosa,z10,z16,856.8414319574479,1302.563654757965
17,vista_hermosa,z15,z10,881.1549619997088,1210.4400563042416
17,vista_hermosa,z15,z15,238.26080384291828,239.72675578986758
17,vista_hermosa,z15,z16,231.62872849722902,232.36975167425877
17,vista_hermosa,z16,z10,970.3046164490243,1225.2645847856038
17,vista_hermosa,z16,z15,285.5907959675077,286.64532854849585
17,vista_hermosa,z16,z16,289.06712340526246,289.335447274712
17,reforma,z10,z10,292.9062364255144,293.06259829533417
17,reforma,z10,z15,778.9920361929934,760.490735243616
17,reforma,z10,z16,856.8414319574479,854.3527916975142
17,reforma,z15,z10,881.1549619997088,869.6901947776271
17,reforma,z15,z15,238.26080384291828,238.26080384291828
17,reforma,z15,z16,231.62872849722902,231.62872849722902
17,reforma,z16,z10,970.3046164490243,956.9287702314579
17,reforma,z16,z15,285.5907959675077,285.59079078370803
17,reforma,z16,z16,289.06712340526246,289.0671233402214
18,base,z10,z10,313.54139391811987,313.54139391811987
18,base,z10,z15,782.3089209955289,782.3089209955289
18,base,z10,z16,820.6503412191746,820.6503412191746
18,base,z15,z10,878.3442970961154,878.3442970961154
18,base,z15,z15,268.42867270400114,268.42867270400114
18,base,z15,z16,243.27685123647206,243.27685123647206
18,base,z16,z10,958.4330969095196,958.4330969095196
18,base,z16,z15,301.41318778705187,301.41318778705187
18,base,z16,z16,315.9584689658668,315.9584689658668
18,vista_hermosa,z10,z10,313.54139391811987,313.54066580715954
18,vista_hermosa,z10,z15,782.3089209955289,1372.6540592567335
18,vista_hermosa,z10,z16,820.6503412191746,1298.1173575258981
18,vista_hermosa,z15,z10,878.3442970961154,1207.666479149611
18,vista_hermosa,z15,z15,268.42867270400114,271.15781330149537
18,vista_hermosa,z15,z16,243.27685123647206,242.9854479885921
18,vista_hermosa,z16,z10,958.4330969095196,1191.936152446355
18,vista_hermosa,z16,z15,301.41318778705187,301.54260745619155
18,vista_hermosa,z16,z16,315.9584689658668,317.33786644729804
18,reforma,z10,z10,313.54139391811987,308.7339333623114
18,reforma,z10,z15,782.3089209955289,765.8696124786727
18,reforma,z10,z16,820.6503412191746,810.4723569773121
18,reforma,z15,z10,878.3442970961154,860.5342604864538
18,reforma,z15,z15,268.42867270400114,268.4278758856193
18,reforma,z15,z16,243.27685123647206,243.27685123647206
18,reforma,z16,z10,958.4330969095196,936.3020915558727
18,reforma,z16,z15,301.41318778705187,301.41318775882695
18,reforma,z16,z16,315.9584689658668,315.9584689658668
19,base,z10,z10,306.4273938548666,306.4273938548666
19,base,z10,z15,783.8107959332667,783.8107959332667
19,base,z10,z16,835.370988948238,835.370988948238
19,base,z15,z10,879.1101614377217,879.1101614377217
19,base,z15,z15,272.79207199847747,272.79207199847747
19,base,z15,z16,252.98096276385064,252.98096276385064
19,base,z16,z10,960.0143578391351,960.0143578391351
19,base,z16,z15,284.69155427324114,284.69155427324114
19,base,z16,z16,321.9262211049302,321.9262211049302
19,vista_hermosa,z10,z10,306.4273938548666,306.42625673086184
19,vista_hermosa,z10,z15,783.8107959332667,1391.8217841323012
19,vista_hermosa,z10,z16,835.370988948238,1296.289972090802
19,vista_hermosa,z15,z10,879.1101614377217,1214.4345222957488
19,vista_hermosa,z15,z15,272.79207199847747,272.8751758121143
19,vista_hermosa,z15,z16,252.98096276385064,253.74095019612568
19,vista_hermosa,z16,z10,960.0143578391351,1212.7825889118524
19,vista_hermosa,z16,z15,284.69155427324114,286.15530235241
19,vista_hermosa,z16,z16,321.9262211049302,323.43754928477045
19,reforma,z10,z10,306.4273938548666,303.6645816550152
19,reforma,z10,z15,783.8107959332667,767.7431224958851
19,reforma,z10,z16,835.370988948238,824.6028970085063
19,reforma,z15,z10,879.1101614377217,865.4575094716196
19,reforma,z15,z15,272.79207199847747,272.79206712045584
19,reforma,z15,z16,252.98096276385064,252.98096276385064
19,reforma,z16,z10,960.0143578391351,939.1055894346673
19,reforma,z16,z15,284.69155427324114,284.69155427324114
19,reforma,z16,z16,321.9262211049302,321.9262209655562
20,base,z10,z10,324.2843789667696,324.2843789667696
20,base,z10,z15,760.533590837482,760.533590837482
20,base,z10,z16,841.9984080020413,841.9984080020413
20,base,z15,z10,875.8873757600812,875.8873757600812
20,base,z15,z15,261.08530327562056,261.08530327562056
20,base,z15,z16,245.99383813928648,245.99383813928648
20,base,z16,z10,978.2685421607125,978.2685421607125
20,base,z16,z15,288.2385561510784,288.2385561510784
20,base,z16,z16,302.34796201447546,302.34796201447546
20,vista_hermosa,z10,z10,324.2843789667696,324.2849762055994
20,vista_hermosa,z10,z15,760.533590837482,1380.8530030709292
20,vista_hermosa,z10,z16,841.9984080020413,1295.3009808582156
20,vista_hermosa,z15,z10,875.8873757600812,1204.0841151942213
20,vista_hermosa,z15,z15,261.08530327562056,265.0616269226655
20,vista_hermosa,z15,z16,245.99383813928648,245.94385658653778
20,vista_hermosa,z16,z10,978.2685421607125,1218.3783861754962
20,vista_hermosa,z16,z15,288.2385561510784,288.1856995056463
20,vista_hermosa,z16,z16,302.34796201447546,306.0446030577072
20,reforma,z10,z10,324.2843789667696,328.1795778776029
20,reforma,z10,z15,760.533590837482,751.7849257558674
20,reforma,z10,z16,841.9984080020413,830.7570580059106
20,reforma,z15,z10,875.8873757600812,862.641688471084
20,reforma,z15,z15,261.08530327562056,261.08530327562056
20,reforma,z15,z16,245.99383813928648,245.99383783210928
20,reforma,z16,z10,978.2685421607125,957.468650859661
20,reforma,z16,z15,288.2385561510784,288.2385561510784
20,reforma,z16,z16,302.34796201447546,302.34794038405175
21,base,z10,z10,312.76596683893996,312.76596683893996
21,base,z10,z15,786.7216735249357,786.7216735249357
21,base,z10,z16,850.0277953569724,850.0277953569724
21,base,z15,z10,888.0218285007453,888.0218285007453
21,base,z15,z15,243.93316266869428,243.93316266869428
21,base,z15,z16,234.5877712592458,234.5877712592458
21,base,z16,z10,950.4769735752727,950.4769735752727
21,base,z16,z15,289.80807868310137,289.80807868310137
21,base,z16,z16,297.8719589259489,297.8719589259489
21,vista_hermosa,z10,z10,312.76596683893996,312.76596683893996
21,vista_hermosa,z10,z15,786.7216735249357,1388.75996543902
21,vista_hermosa,z10,z16,850.0277953569724,1327.9993970398932
21,vista_hermosa,z15,z10,888.0218285007453,1205.6907063074264
21,vista_hermosa,z15,z15,243.93316266869428,243.88647205799535
21,vista_hermosa,z15,z16,234.5877712592458,234.76237713099647
21,vista_hermosa,z16,z10,950.4769735752727,1210.8290116896192
21,vista_hermosa,z16,z15,289.80807868310137,291.45277172500414
21,vista_hermosa,z16,z16,297.8719589259489,299.42947305303784
21,reforma,z10,z10,312.76596683893996,312.2901567871163
21,reforma,z10,z15,786.7216735249357,771.5552848762958
21,reforma,z10,z16,850.0277953569724,844.7111100640944
21,reforma,z15,z10,888.0218285007453,874.8824823598685
21,reforma,z15,z15,243.93316266869428,243.93316213621912
21,reforma,z15,z16,234.5877712592458,234.58776657481462
21,reforma,z16,z10,950.4769735752727,939.9637522794255
21,reforma,z16,z15,289.80807868310137,289.808069870435
21,reforma,z16,z16,297.8719589259489,297.8719589259489
22,base,z10,z10,295.0830189739248,295.0830189739248
22,base,z10,z15,795.756058512952,795.756058512952
22,base,z10,z16,836.5490977076868,836.5490977076868
22,base,z15,z10,883.8664500147956,883.8664500147956
22,base,z15,z15,247.6726391796547,247.6726391796547
22,base,z15,z16,237.53331900138699,237.53331900138699
22,base,z16,z10,945.3795066916391,945.3795066916391
22,base,z16,z15,287.3047650104238,287.3047650104238
22,base,z16,z16,305.57925089707237,305.57925089707237
22,vista_hermosa,z10,z10,295.0830189739248,295.0830189739248
22,vista_hermosa,z10,z15,795.756058512952,1397.0730717997276
22,vista_hermosa,z10,z16,836.5490977076868,1289.4431933382743
22,vista_hermosa,z15,z10,883.8664500147956,1212.2454431493006
22,vista_hermosa,z15,z15,247.6726391796547,250.90021428979065
22,vista_hermosa,z15,z16,237.53331900138699,238.84069245104538
22,vista_hermosa,z16,z10,945.3795066916391,1195.8062492593044
22,vista_hermosa,z16,z15,287.3047650104238,291.2579434740367
22,vista_hermosa,z16,z16,305.57925089707237,307.2238753539451
22,reforma,z10,z10,295.0830189739248,290.2906679185231
22,reforma,z10,z15,795.756058512952,787.5096579284559
22,reforma,z10,z16,836.5490977076868,831.3625777121017
22,reforma,z15,z10,883.8664500147956,859.1201844170946
22,reforma,z15,z15,247.6726391796547,247.67283702253428
22,reforma,z15,z16,237.53331900138699,237.53331900138699
22,reforma,z16,z10,945.3795066916391,932.2333042376073
22,reforma,z16,z15,287.3047650104238,287.30474396887575
22,reforma,z16,z16,305.57925089707237,305.57923866161593
23,base,z10,z10,323.53037449448004,323.53037449448004
23,base,z10,z15,787.8099897918726,787.8099897918726
23,base,z10,z16,846.1632455530118,846.1632455530118
23,base,z15,z10,906.0431678329433,906.0431678329433
23,base,z15,z15,258.0327570409086,258.0327570409086
23,base,z15,z16,247.49234369183978,247.49234369183978
23,base,z16,z10,965.2153364549324,965.2153364549324
23,base,z16,z15,289.90900290869337,289.90900290869337
23,base,z16,z16,302.5216741912152,302.5216741912152
23,vista_hermosa,z10,z10,323.53037449448004,323.52945105802985
23,vista_hermosa,z10,z15,787.8099897918726,1399.2663421554316
23,vista_hermosa,z10,z16,846.1632455530118,1305.9380331381772
23,vista_hermosa,z15,z10,906.0431678329433,1234.8745562944791
23,vista_hermosa,z15,z15,258.0327570409086,260.5386894098807
23,vista_hermosa,z15,z16,247.49234369183978,247.50015823962093
23,vista_hermosa,z16,z10,965.2153364549324,1232.5610649717419
23,vista_hermosa,z16,z15,289.90900290869337,291.0980656608416
23,vista_hermosa,z16,z16,302.5216741912152,302.5458032680031
23,reforma,z10,z10,323.53037449448004,322.2825911310994
23,reforma,z10,z15,787.8099897918726,763.4463089303838
23,reforma,z10,z16,846.1632455530118,840.0521100013697
23,reforma,z15,z10,906.0431678329433,884.3782435637352
23,reforma,z15,z15,258.0327570409086,258.0327570409086
23,reforma,z15,z16,247.49234369183978,247.49234369183978
23,reforma,z16,z10,965.2153364549324,956.5017479515903
23,reforma,z16,z15,289.90900290869337,289.90900290869337
23,reforma,z16,z16,302.5216741912152,302.5216544602221
24,base,z10,z10,291.0755881499542,291.0755881499542
24,base,z10,z15,792.6530131277058,792.6530131277058
24,base,z10,z16,838.1149556004752,838.1149556004752
24,base,z15,z10,878.1943423551618,878.1943423551618
24,base,z15,z15,253.92958655710157,253.92958655710157
24,base,z15,z16,241.7127669242012,241.7127669242012
24,base,z16,z10,934.5382457417616,934.5382457417616
24,base,z16,z15,275.2893888768506,275.2893888768506
24,base,z16,z16,285.55125278145454,285.55125278145454
24,vista_hermosa,z10,z10,291.0755881499542,291.0759546153512
24,vista_hermosa,z10,z15,792.6530131277058,1381.8280555120396
24,vista_hermosa,z10,z16,838.1149556004752,1308.712176261764
24,vista_hermosa,z15,z10,878.1943423551618,1209.182917620275
24,vista_hermosa,z15,z15,253.92958655710157,253.93290707748594
24,vista_hermosa,z15,z16,241.7127669242012,241.806126857712
24,vista_hermosa,z16,z10,934.5382457417616,1199.9328948291882
24,vista_hermosa,z16,z15,275.2893888768506,278.5100925169198
24,vista_hermosa,z16,z16,285.55125278145454,289.839485981176
24,reforma,z10,z10,291.0755881499542,291.44623263156575
24,reforma,z10,z15,792.6530131277058,777.456631489207
24,reforma,z10,z16,838.1149556004752,830.6247007258278
24,reforma,z15,z10,878.1943423551618,865.8765272059352
24,reforma,z15,z15,253.92958655710157,253.9296162679174
24,reforma,z15,z16,241.7127669242012,241.7127669242012
24,reforma,z16,z10,934.5382457417616,917.1935649525905
24,reforma,z16,z15,275.2893888768506,275.2893888768506
24,reforma,z16,z16,285.55125278145454,285.55125278145454
25,base,z10,z10,292.07274273194713,292.07274273194713
25,base,z10,z15,775.4209126862186,775.4209126862186
25,base,z10,z16,828.8370919431401,828.8370919431401
25,base,z15,z10,885.841958901673,885.841958901673
25,base,z15,z15,253.80232078132292,253.80232078132292
25,base,z15,z16,240.50460863148115,240.50460863148115
25,base,z16,z10,949.7011501824661,949.7011501824661
25,base,z16,z15,319.261005757138,319.261005757138
25,base,z16,z16,298.7907546472885,298.7907546472885
25,vista_hermosa,z10,z10,292.07274273194713,292.07274273194713
25,vista_hermosa,z10,z15,775.4209126862186,1381.343801126981
25,vista_hermosa,z10,z16,828.8370919431401,1272.8725579109905
25,vista_hermosa,z15,z10,885.841958901673,1223.0755902829706
25,vista_hermosa,z15,z15,253.80232078132292,253.71559848780197
25,vista_hermosa,z15,z16,240.50460863148115,240.84869978859132
25,vista_hermosa,z16,z10,949.7011501824661,1189.1540011328834
25,vista_hermosa,z16,z15,319.261005757138,320.5015014507846
25,vista_hermosa,z16,z16,298.7907546472885,298.8135118576032
25,reforma,z10,z10,292.07274273194713,288.7190885399245
25,reforma,z10,z15,775.4209126862186,766.8010861007804
25,reforma,z10,z16,828.8370919431401,813.7549046228951
25,reforma,z15,z10,885.841958901673,872.5032757858742
25,reforma,z15,z15,253.80232078132292,253.80232078132292
25,reforma,z15,z16,240.50460863148115,240.50460863148115
25,reforma,z16,z10,949.7011501824661,933.9283639793554
25,reforma,z16,z15,319.261005757138,319.261005757138
25,reforma,z16,z16,298.7907546472885,298.7907546472885
26,base,z10,z10,304.11133029593606,304.11133029593606
26,base,z10,z15,778.8751025069058,778.8751025069058
26,base,z10,z16,837.1304550927873,837.1304550927873
26,base,z15,z10,884.845033939399,884.845033939399
26,base,z15,z15,250.61778335368655,250.61778335368655
26,base,z15,z16,252.08859275984437,252.08859275984437
26,base,z16,z10,970.4652231949522,970.4652231949522
26,base,z16,z15,269.8922997978683,269.8922997978683
26,base,z16,z16,314.1617846575274,314.1617846575274
26,vista_hermosa,z10,z10,304.11133029593606,304.11133029593606
26,vista_hermosa,z10,z15,778.8751025069058,1383.0065176079888
26,vista_hermosa,z10,z16,837.1304550927873,1295.1747403381091
26,vista_hermosa,z15,z10,884.845033939399,1215.082959266049
26,vista_hermosa,z15,z15,250.61778335368655,250.84216848990064
26,vista_hermosa,z15,z16,252.08859275984437,252.08859275984437
26,vista_hermosa,z16,z10,970.4652231949522,1223.4121489131728
26,vista_hermosa,z16,z15,269.8922997978683,271.6527788759225
26,vista_hermosa,z16,z16,314.1617846575274,315.29386967789486
26,reforma,z10,z10,304.11133029593606,306.0385862012597
26,reforma,z10,z15,778.8751025069058,766.405477201964
26,reforma,z10,z16,837.1304550927873,831.5776366817958
26,reforma,z15,z10,884.845033939399,864.5635537069535
26,reforma,z15,z15,250.61778335368655,250.61777996722668
26,reforma,z15,z16,252.08859275984437,252.08859275984437
26,reforma,z16,z10,970.4652231949522,952.8839827785198
26,reforma,z16,z15,269.8922997978683,269.8922988438626
26,reforma,z16,z16,314.1617846575274,314.1617846575274
27,base,z10,z10,308.4148971571945,308.4148971571945
27,base,z10,z15,774.2321749934099,774.2321749934099
27,base,z10,z16,828.98980879127,828.98980879127
27,base,z15,z10,879.3739258816775,879.3739258816775
27,base,z15,z15,257.7448203578713,257.7448203578713
27,base,z15,z16,232.98020082109304,232.98020082109304
27,base,z16,z10,953.0329585083405,953.0329585083405
27,base,z16,z15,290.2343863710749,290.2343863710749
27,base,z16,z16,303.78169479929056,303.78169479929056
27,vista_hermosa,z10,z10,308.4148971571945,308.42047805681773
27,vista_hermosa,z10,z15,774.2321749934099,1374.3048050710045
27,vista_hermosa,z10,z16,828.98980879127,1292.118578306025
27,vista_hermosa,z15,z10,879.3739258816775,1214.9008897564402
27,vista_hermosa,z15,z15,257.7448203578713,261.1745706005805
27,vista_hermosa,z15,z16,232.98020082109304,232.9778327899276
27,vista_hermosa,z16,z10,953.0329585083405,1205.8547739698263
27,vista_hermosa,z16,z15,290.2343863710749,293.4049125407358
27,vista_hermosa,z16,z16,303.78169479929056,306.3649274858652
27,reforma,z10,z10,308.4148971571945,308.41490312001145
27,reforma,z10,z15,774.2321749934099,755.7055876334615
27,reforma,z10,z16,828.98980879127,820.3000906682626
27,reforma,z15,z10,879.3739258816775,863.6986300725614
27,reforma,z15,z15,257.7448203578713,257.7448203578713
27,reforma,z15,z16,232.98020082109304,232.98020082109304
27,reforma,z16,z10,953.0329585083405,947.8002380768603
27,reforma,z16,z15,290.2343863710749,290.2343863710749
27,reforma,z16,z16,303.78169479929056,303.78169479929056
28,base,z10,z10,307.8752824468332,307.8752824468332
28,base,z10,z15,769.1874695033027,769.1874695033027
28,base,z10,z16,834.9675519966814,834.9675519966814
28,base,z15,z10,886.3804698591314,886.3804698591314
28,base,z15,z15,256.69211783623183,256.69211783623183
28,base,z15,z16,240.63316143762623,240.63316143762623
28,base,z16,z10,957.0163835584256,957.0163835584256
28,base,z16,z15,291.99225799608007,291.99225799608007
28,base,z16,z16,291.96358714763653,291.96358714763653
28,vista_hermosa,z10,z10,307.8752824468332,307.8752847563488
28,vista_hermosa,z10,z15,769.1874695033027,1363.9814421671076
28,vista_hermosa,z10,z16,834.9675519966814,1285.8283795251455
28,vista_hermosa,z15,z10,886.3804698591314,1229.387143255185
28,vista_hermosa,z15,z15,256.69211783623183,256.70797896553074
28,vista_hermosa,z15,z16,240.63316143762623,240.42382192006662
28,vista_hermosa,z16,z10,957.0163835584256,1231.3513199739855
28,vista_hermosa,z16,z15,291.99225799608007,294.5083575426362
28,vista_hermosa,z16,z16,291.96358714763653,291.49684321051507
28,reforma,z10,z10,307.8752824468332,310.23420830669374
28,reforma,z10,z15,769.1874695033027,756.4830892211396
28,reforma,z10,z16,834.9675519966814,825.9532256494751
28,reforma,z15,z10,886.3804698591314,877.8160548043895
28,reforma,z15,z15,256.69211783623183,256.69211783623183
28,reforma,z15,z16,240.63316143762623,240.6331610835072
28,reforma,z16,z10,957.0163835584256,950.8282243536165
28,reforma,z16,z15,291.99225799608007,291.9922384963522
28,reforma,z16,z16,291.96358714763653,291.9635732836136
29,base,z10,z10,318.30223837849735,318.30223837849735
29,base,z10,z15,787.0147474374044,787.0147474374044
29,base,z10,z16,828.548426612856,828.548426612856
29,base,z15,z10,872.7926122036185,872.7926122036185
29,base,z15,z15,262.4490878508863,262.4490878508863
29,base,z15,z16,248.9965058748319,248.9965058748319
29,base,z16,z10,951.5755834632976,951.5755834632976
29,base,z16,z15,305.31451922881695,305.31451922881695
29,base,z16,z16,309.36540957018775,309.36540957018775
29,vista_hermosa,z10,z10,318.30223837849735,318.30223096612247
29,vista_hermosa,z10,z15,787.0147474374044,1388.1867160480701
29,vista_hermosa,z10,z16,828.548426612856,1257.649492785867
29,vista_hermosa,z15,z10,872.7926122036185,1209.5123183911237
29,vista_hermosa,z15,z15,262.4490878508863,262.480141991965
29,vista_hermosa,z15,z16,248.9965058748319,249.0940091328936
29,vista_hermosa,z16,z10,951.5755834632976,1228.0655689576251
29,vista_hermosa,z16,z15,305.31451922881695,305.36299397995526
29,vista_hermosa,z16,z16,309.36540957018775,309.8854027433038
29,reforma,z10,z10,318.30223837849735,315.4883475120675
29,reforma,z10,z15,787.0147474374044,775.0995689633614
29,reforma,z10,z16,828.548426612856,811.0237797789907
29,reforma,z15,z10,872.7926122036185,859.669092054484
29,reforma,z15,z15,262.4490878508863,262.4490878508863
29,reforma,z15,z16,248.9965058748319,248.9965058748319
29,reforma,z16,z10,951.5755834632976,933.7208176008016
29,reforma,z16,z15,305.31451922881695,305.31451922881695
29,reforma,z16,z16,309.36540957018775,309.3654089596444
